<?xml version="1.0" encoding="UTF-8"?>
<project-private xmlns="http://www.netbeans.org/ns/project-private/1">
    <editor-bookmarks xmlns="http://www.netbeans.org/ns/editor-bookmarks/2" lastBookmarkId="0"/>
    <open-files xmlns="http://www.netbeans.org/ns/projectui-open-files/2">
        <group>
            <file>file:/D:/testFE/src/java/controller/LoginGoogleServlet.java</file>
            <file>file:/D:/testFE/web/pages/login.jsp</file>
            <file>file:/D:/testFE/src/java/model/User.java</file>
            <file>file:/D:/testFE/web/pages/home.jsp</file>
            <file>file:/D:/testFE/src/java/utils/GoogleUtils.java</file>
            <file>file:/D:/testFE/web/pages/google.jsp</file>
            <file>file:/D:/testFE/web/pages/user-profile.jsp</file>
            <file>file:/D:/testFE/web/pages/reset-password.jsp</file>
            <file>file:/D:/testFE/src/java/controller/ChooseRoleServlet.java</file>
            <file>file:/D:/testFE/web/pages/forgot-password.jsp</file>
            <file>file:/D:/testFE/web/pages/registration.jsp</file>
            <file>file:/D:/testFE/web/pages/verifyEmail.jsp</file>
            <file>file:/D:/testFE/web/errors/404Page.jsp</file>
            <file>file:/D:/testFE/src/java/model/Constants.java</file>
            <file>file:/D:/testFE/web/errors/errorAlert.jsp</file>
        </group>
    </open-files>
</project-private>
